lng,lat,value
-0.198465,51.505538,899
-0.178838,51.491836,757
-0.205590,51.514910,62
-0.208327,51.514952,596
-0.206022,51.496572,776
-0.193610,51.500788,594
-0.173519,51.495171,387
-0.163542,51.492497,341
-0.211980,51.513659,110
-0.199786,51.515900,628
-0.216407,51.518402,215
-0.184495,51.501726,922
-0.172522,51.491289,291
-0.195797,51.492818,623
-0.166886,51.488143,561
-0.166882,51.488233,540
-0.214099,51.514770,433
-0.183889,51.484361,925
-0.207725,51.519259,346
-0.172964,51.491026,257
-0.163102,51.499864,807
-0.192941,51.488548,86
-0.193675,51.488199,523
-0.215564,51.517850,474
-0.185515,51.483307,432
-0.163793,51.496997,754
-0.158276,51.494483,952
-0.194671,51.506739,694
-0.167365,51.483385,147
-0.167321,51.488060,397
-0.172881,51.482302,184
-0.197319,51.509028,573
-0.160434,51.501711,245
-0.215936,51.504636,895
-0.215377,51.526300,603
-0.185591,51.485017,904
-0.164763,51.483614,531
-0.159271,51.501962,944
-0.182860,51.484885,513
-0.166709,51.492547,374
-0.165997,51.492356,442
-0.214056,51.519535,956
-0.205446,51.514908,241
-0.176955,51.488480,483
-0.158650,51.495928,987
-0.227035,51.519372,397
-0.192799,51.499426,211
-0.173334,51.481769,202
-0.196819,51.510729,967
-0.193059,51.500150,521
-0.157984,51.494568,390
-0.170251,51.486847,134
-0.221160,51.514787,109
-0.178139,51.487689,544
-0.218090,51.515910,53
-0.210203,51.511203,189
-0.214021,51.524121,96
-0.209563,51.516499,671
-0.178728,51.480144,223
-0.155880,51.489589,552
-0.203266,51.508040,931
-0.182567,51.481373,340
-0.215743,51.505892,225
-0.157499,51.492312,536
-0.205256,51.516074,392
-0.180503,51.486197,865
-0.193459,51.500965,963
-0.160914,51.496952,500
-0.210912,51.518858,843
-0.179323,51.486898,789
-0.190458,51.489409,315
-0.224558,51.520054,902
-0.201846,51.522136,567
-0.210248,51.517409,87
-0.181786,51.479293,278
-0.178436,51.480230,290
-0.156758,51.492840,469
-0.208464,51.515134,148
-0.193462,51.500875,55
-0.156165,51.489684,879
-0.193610,51.500788,854
-0.169718,51.492953,135
-0.202383,51.512163,297
-0.176260,51.484243,885
-0.167361,51.483474,851
-0.168203,51.487624,771
-0.198869,51.506264,801
-0.194628,51.493250,785
-0.167994,51.492837,816
-0.166620,51.487599,1000
-0.167653,51.483389,987
-0.206229,51.498643,418
-0.186404,51.482691,510
-0.173331,51.481859,708
-0.185780,51.480254,171
-0.202664,51.497689,767
-0.173755,51.482045,681
-0.201527,51.508283,784
-0.192790,51.488725,567
-0.182712,51.484972,193
-0.170837,51.486586,179
-0.160578,51.501713,260
-0.161495,51.486080,757
-0.197795,51.511553,641
-0.188655,51.487672,274
-0.157341,51.492670,901
-0.187321,51.492238,184
-0.173897,51.496526,160
-0.204204,51.520824,170
-0.204365,51.509406,837
-0.209282,51.516315,294
-0.178456,51.490572,451
-0.186209,51.502112,643
-0.185633,51.480341,877
-0.184611,51.480685,927
-0.172792,51.495339,591
-0.191112,51.494724,427
-0.173910,51.485375,808
-0.194273,51.509521,394
-0.180618,51.501396,116
-0.188218,51.502323,712
-0.209967,51.517225,555
-0.166296,51.488494,536
-0.169430,51.496546,929
-0.167177,51.488058,319
-0.160171,51.501077,578
-0.167519,51.497505,161
-0.199786,51.515900,282
-0.179172,51.487076,887
-0.216361,51.515883,938
-0.170697,51.490091,781
-0.174990,51.483593,233
-0.180830,51.485213,328
-0.221550,51.515872,861
-0.206402,51.512584,164
-0.175087,51.484764,692
-0.205994,51.515635,837
-0.163316,51.483771,594
-0.215564,51.517850,903
-0.165788,51.490374,731
-0.198863,51.491786,585
-0.214025,51.524031,892
-0.181239,51.478565,377
-0.206159,51.496754,246
-0.167653,51.483389,807
-0.157211,51.492308,138
-0.188655,51.487672,911
-0.196032,51.494170,86
-0.209696,51.516771,706
-0.177109,51.481019,750
-0.196093,51.499927,337
-0.221297,51.514969,422
-0.194612,51.497296,678
-0.187454,51.481629,152
-0.184331,51.484098,240
-0.174936,51.484941,865
-0.184348,51.490933,571
-0.184191,51.484006,869
-0.207855,51.519620,463
-0.188795,51.487764,488
-0.204561,51.497089,601
-0.215898,51.527746,572
-0.222692,51.516159,283
-0.186404,51.482691,322
-0.175627,51.489269,170
-0.196015,51.509188,648
-0.187642,51.502314,525
-0.180015,51.491225,894
-0.182272,51.481548,894
-0.201073,51.512503,157
-0.215564,51.517850,144
-0.170772,51.488204,938
-0.189939,51.495246,825
-0.190828,51.501914,960
-0.183856,51.481573,135
-0.172057,51.492091,268
-0.193227,51.492239,265
-0.159540,51.491715,523
-0.194437,51.512670,713
-0.200994,51.492538,607
-0.173594,51.493284,439
-0.183028,51.495139,294
-0.209149,51.516043,265
-0.226358,51.521970,252
-0.195176,51.508545,547
-0.175821,51.484416,702
-0.158682,51.484418,848
-0.191108,51.502098,102
-0.209353,51.510831,197
-0.174717,51.494021,629
-0.185640,51.480162,492
-0.196000,51.494979,312
-0.185373,51.479618,943
-0.161249,51.492191,292
-0.161525,51.499660,648
-0.159196,51.500252,413
-0.209245,51.506243,946
-0.178436,51.480230,913
-0.223353,51.521385,199
-0.174854,51.494202,685
-0.218297,51.517981,933
-0.211730,51.520039,446
-0.157067,51.492306,220
-0.162659,51.500127,725
-0.173782,51.495804,327
-0.200555,51.492711,179
-0.184331,51.484098,808
-0.179134,51.495258,239
-0.214861,51.517389,286
-0.216407,51.518402,72
-0.205170,51.507260,173
-0.186925,51.502213,285
-0.187321,51.492238,641
-0.175768,51.489361,510
-0.171129,51.486501,482
-0.161759,51.501012,310
-0.152888,51.485226,79
-0.150127,51.485812,705
-0.175821,51.484416,279
-0.179175,51.486986,347
-0.212538,51.521490,471
-0.161165,51.501452,191
-0.181114,51.481710,79
-0.173382,51.494989,615
-0.170697,51.490091,837
-0.205872,51.507720,958
-0.162041,51.490405,140
-0.154902,51.488854,96
-0.205256,51.516074,139
-0.215564,51.517850,562
-0.207044,51.496228,953
-0.188506,51.502328,369
-0.199159,51.498895,893
-0.209149,51.516043,666
-0.193318,51.500873,344
-0.184211,51.501632,972
-0.156898,51.492932,978
-0.166338,51.498206,733
-0.191404,51.501923,367
-0.215377,51.526300,519
-0.187403,51.490171,827
-0.172590,51.485984,396
-0.174121,51.501745,263
-0.216407,51.518402,269
-0.210648,51.518224,155
-0.193466,51.500785,501
-0.185212,51.501827,459
-0.187842,51.489998,892
-0.190721,51.490042,870
-0.204561,51.497089,528
-0.191006,51.490136,706
-0.210508,51.518132,991
-0.198341,51.508684,534
-0.175965,51.484418,762
-0.177070,51.485604,587
-0.203814,51.508768,263
-0.211730,51.520039,292
-0.215788,51.504724,482
-0.193878,51.504928,546
-0.177247,51.488395,990
-0.167415,51.489320,215
-0.195643,51.500369,113
-0.204084,51.509222,907
-0.189610,51.492633,403
-0.212208,51.526251,578
-0.194419,51.505836,297
-0.201702,51.522134,77
-0.162927,51.489880,313
-0.173172,51.482216,553
-0.220394,51.515945,273
-0.185519,51.483217,353
-0.211867,51.520221,63
-0.194664,51.506919,589
-0.170618,51.488471,508
-0.201558,51.522132,828
-0.150541,51.486268,436
-0.175965,51.484418,934
-0.215788,51.504724,484
-0.201949,51.493902,908
-0.166309,51.498925,866
-0.195616,51.490117,582
-0.197438,51.509659,546
-0.226723,51.519997,600
-0.211783,51.518691,759
-0.200508,51.508537,444
-0.176955,51.488480,795
-0.191484,51.488975,403
-0.196890,51.508931,846
-0.179316,51.487078,153
-0.175688,51.484144,330
-0.204439,51.507518,118
-0.177024,51.490369,203
-0.206549,51.512497,462
-0.174397,51.494825,713
-0.173309,51.485995,952
-0.159261,51.484337,161
-0.188092,51.494588,370
-0.173689,51.501738,908
-0.215781,51.508591,509
-0.215420,51.517847,747
-0.179750,51.497876,130
-0.192506,51.488631,130
-0.198590,51.498706,692
-0.215901,51.527656,470
-0.172241,51.494701,630
-0.205290,51.522549,271
-0.163537,51.499781,861
-0.173464,51.482131,121
-0.161304,51.490843,168
-0.194421,51.509433,916
-0.163370,51.489617,201
-0.226157,51.519719,112
-0.151290,51.485560,661
-0.180236,51.482056,850
-0.177112,51.480929,297
-0.157521,51.491773,142
-0.174054,51.485377,272
-0.198432,51.499063,308
-0.183978,51.492995,220
-0.207602,51.496686,646
-0.158496,51.492598,991
-0.170834,51.486676,994
-0.198655,51.493401,68
-0.173468,51.485638,229
-0.175821,51.484416,227
-0.213881,51.524029,570
-0.209152,51.515953,888
-0.179267,51.495530,488
-0.183032,51.495049,727
-0.196014,51.487336,503
-0.209149,51.516043,937
-0.215244,51.507593,940
-0.158020,51.497267,889
-0.169743,51.488727,617
-0.180471,51.501484,247
-0.212459,51.501436,136
-0.188938,51.502334,884
-0.220436,51.514866,178
-0.206355,51.517439,103
-0.177586,51.494335,486
-0.190314,51.489406,440
-0.193649,51.492515,770
-0.176045,51.493232,926
-0.184272,51.478342,227
-0.210093,51.517676,368
-0.166425,51.492452,868
-0.185780,51.480254,678
-0.222440,51.522630,924
-0.192365,51.495823,809
-0.173190,51.481767,244
-0.185314,51.484743,481
-0.181827,51.485498,364
-0.192650,51.488633,494
-0.195136,51.487682,99
-0.168401,51.497069,267
-0.163752,51.483688,860
-0.197673,51.511012,160
-0.195582,51.494613,872
-0.169293,51.496364,426
-0.164100,51.489359,333
-0.198724,51.498978,406
-0.168966,51.493751,783
-0.196181,51.490396,543
-0.190532,51.502089,222
-0.169121,51.493484,754
-0.185780,51.480254,333
-0.208464,51.515134,234
-0.167174,51.488148,377
-0.194484,51.500531,439
-0.184914,51.494808,879
-0.160578,51.501713,694
-0.195302,51.494429,511
-0.206313,51.496486,407
-0.206022,51.496572,812
-0.190968,51.502006,363
-0.214478,51.505064,687
-0.178923,51.482486,933
-0.190244,51.502085,388
-0.168681,51.493657,812
-0.183978,51.492995,326
-0.174191,51.481962,432
-0.150127,51.485812,587
-0.183978,51.492995,906
-0.207406,51.516376,222
-0.199144,51.491970,327
-0.155880,51.489589,150
-0.182891,51.494957,530
-0.193793,51.492517,554
-0.217693,51.515004,254
-0.194133,51.509428,292
-0.198724,51.498978,216
-0.215244,51.526028,644
-0.175681,51.484324,65
-0.159007,51.494225,54
-0.194761,51.493521,987
-0.163836,51.499516,596
-0.174707,51.494290,525
-0.184316,51.480861,987
-0.172223,51.491554,179
-0.184331,51.484098,697
-0.180503,51.486197,50
-0.167954,51.497422,713
-0.195582,51.494613,358
-0.177012,51.483445,741
-0.213498,51.508016,951
-0.179750,51.497876,118
-0.215683,51.503733,483
-0.173256,51.490940,436
-0.197756,51.512542,645
-0.175520,51.495562,465
-0.186209,51.502112,866
-0.173173,51.485813,536
-0.170693,51.490181,121
-0.206131,51.515817,251
-0.185208,51.501917,50
-0.199742,51.498724,475
-0.218027,51.517527,217
-0.206549,51.512497,431
-0.174205,51.485200,520
-0.169272,51.493306,100
-0.219826,51.523130,283
-0.171766,51.495773,400
-0.193954,51.499354,415
-0.192264,51.494742,659
-0.215244,51.507593,256
-0.220215,51.516841,74
-0.187872,51.492876,655
-0.189014,51.485879,697
-0.218343,51.520500,622
-0.161456,51.501367,610
-0.171420,51.486415,958
-0.192945,51.488458,253
-0.185780,51.480254,75
-0.206549,51.512497,170
-0.215782,51.527025,655
-0.174788,51.485029,240
-0.188668,51.494597,240
-0.155880,51.489589,204
-0.209392,51.506155,269
-0.175821,51.484416,50
-0.170834,51.486676,82
-0.170600,51.496115,403
-0.217924,51.512760,267
-0.176365,51.488830,967
-0.214001,51.502539,715
-0.182492,51.494141,102
-0.178543,51.492012,938
-0.200124,51.492705,78
-0.150825,51.486362,388
-0.211980,51.524719,526
-0.157654,51.492045,88
-0.159031,51.497192,530
-0.182048,51.490807,64
-0.159902,51.497026,772
-0.196692,51.495709,775
-0.183978,51.492995,337
-0.202254,51.508114,675
-0.201677,51.511792,869
-0.188809,51.494689,834
-0.210610,51.511839,542
-0.221027,51.514515,906
-0.201990,51.522139,950
-0.203817,51.508678,629
-0.192120,51.494740,880
-0.164978,51.489013,867
-0.168401,51.497069,110
-0.175624,51.489359,820
-0.216772,51.523803,488
-0.171273,51.486503,320
-0.215261,51.503457,171
-0.206189,51.507006,341
-0.170834,51.486676,843
-0.150275,51.485724,430
-0.160220,51.492715,321
-0.216389,51.522538,198
-0.187321,51.492238,958
-0.155880,51.489589,221
-0.196218,51.511349,773
-0.174851,51.494292,207
-0.205951,51.516714,409
-0.182492,51.494141,60
-0.192678,51.509766,718
-0.162008,51.494811,403
-0.173785,51.495715,639
-0.150271,51.485814,642
-0.209104,51.506151,644
-0.182859,51.481288,386
-0.155880,51.489589,65
-0.188422,51.489917,555
-0.150127,51.485812,768
-0.186925,51.502213,797
-0.200944,51.508454,933
-0.163678,51.496276,657
-0.205187,51.510497,460
-0.159035,51.497103,535
-0.200656,51.508450,707
-0.202644,51.494542,145
-0.187836,51.493774,772
-0.188655,51.487672,57
-0.186209,51.502112,223
-0.209693,51.516861,251
-0.188168,51.485416,416
-0.150127,51.485812,269
-0.165417,51.488840,458
-0.191112,51.502008,687
-0.192506,51.488631,791
-0.221297,51.514969,107
-0.190314,51.489406,178
-0.160905,51.486431,998
-0.209540,51.506068,670
-0.217710,51.514555,909
-0.186404,51.482691,487
-0.222840,51.519759,775
-0.180330,51.501392,189
-0.215637,51.508589,714
-0.189847,51.490298,251
-0.209008,51.515951,153
-0.197558,51.499320,966
-0.195446,51.494431,115
-0.198053,51.508679,901
-0.196163,51.509100,847
-0.179189,51.483029,317
-0.150998,51.485646,991
-0.156783,51.492211,576
-0.204361,51.513182,967
-0.192264,51.494742,425
-0.203734,51.518119,666
-0.184351,51.490843,703
-0.209008,51.515951,535
-0.214141,51.502631,252
-0.182621,51.494503,188
-0.180618,51.501396,989
-0.200552,51.492801,487
-0.194133,51.509428,159
-0.171283,51.482636,197
-0.185780,51.480254,336
-0.199932,51.508528,947
-0.197308,51.509297,749
-0.198569,51.510216,188
-0.173464,51.482131,276
-0.182420,51.481461,266
-0.224619,51.522213,86
-0.210104,51.517407,141
-0.194484,51.500531,848
-0.196396,51.514139,916
-0.221301,51.514879,412
-0.158416,51.494575,289
-0.186353,51.502114,174
-0.178580,51.480232,356
-0.186925,51.502213,359
-0.215202,51.504985,490
-0.188074,51.502321,509
-0.214735,51.505877,305
-0.183923,51.501627,114
-0.185202,51.494813,874
-0.206461,51.496399,969
-0.211056,51.518860,387
-0.163393,51.499779,72
-0.212884,51.501622,823
-0.175095,51.495375,793
-0.192506,51.488631,938
-0.215205,51.504895,161
-0.188312,51.485419,833
-0.179172,51.487076,464
-0.177691,51.495326,600
-0.173173,51.485813,975
-0.192506,51.488631,357
-0.173752,51.482135,76
-0.193368,51.492331,830
-0.200860,51.517895,539
-0.199065,51.508605,932
-0.170690,51.486674,832
-0.158682,51.484418,97
-0.192678,51.509766,488
-0.164725,51.498900,108
-0.170834,51.486676,52
-0.185591,51.485017,890
-0.195590,51.494433,718
-0.214850,51.506598,655
-0.156726,51.490052,102
-0.166482,51.498208,226
-0.195479,51.489935,64
-0.180159,51.491227,288
-0.168789,51.494558,760
-0.155880,51.489589,469
-0.200271,51.492617,616
-0.210643,51.499970,50
-0.156754,51.492930,282
-0.159124,51.502050,578
-0.197452,51.491045,949
-0.181130,51.488545,123
-0.191706,51.501568,343
-0.178751,51.490396,876
-0.170744,51.496117,837
-0.150127,51.485812,914
-0.190968,51.502006,755
-0.183491,51.501620,686
-0.155840,51.490578,588
-0.192986,51.498350,87
-0.184316,51.480861,573
-0.192506,51.488631,517
-0.214141,51.502631,361
-0.158416,51.494575,477
-0.225346,51.522045,238
-0.181469,51.480007,721
-0.211730,51.520039,176
-0.162644,51.500486,373
-0.196602,51.490672,57
-0.159673,51.491987,887
-0.174610,51.500314,876
-0.193878,51.504928,774
-0.195309,51.494249,959
-0.195136,51.487682,435
-0.205446,51.514908,222
-0.174854,51.494202,55
-0.202090,51.493994,676
-0.184172,51.480858,365
-0.179606,51.497873,364
-0.176224,51.481544,99
-0.167648,51.494270,376
-0.221874,51.522352,253
-0.194468,51.497294,247
-0.169743,51.488727,319
-0.181821,51.489275,212
-0.195136,51.487682,441
-0.198871,51.498890,101
-0.198590,51.498706,684
-0.161008,51.491019,467
-0.183298,51.481115,497
-0.201344,51.498299,676
-0.215514,51.508047,836
-0.167361,51.483474,885
-0.181130,51.488545,456
-0.159991,51.501974,58
-0.181693,51.481629,682
-0.177628,51.486062,858
-0.205256,51.516074,502
-0.182747,51.494955,628
-0.184116,51.485893,226
-0.179134,51.495258,782
-0.096502,51.514539,347
-0.088481,51.509912,112
-0.088637,51.513062,448
-0.104948,51.515935,822
-0.102945,51.519050,269
-0.081489,51.511687,516
-0.079765,51.518403,500
-0.096790,51.514544,594
-0.085230,51.511838,527
-0.100631,51.515775,774
-0.086859,51.510785,355
-0.079773,51.518223,272
-0.079917,51.518225,681
-0.080140,51.509506,581
-0.104568,51.514670,473
-0.104734,51.514133,324
-0.094144,51.512343,290
-0.094938,51.517481,481
-0.100775,51.515777,523
-0.097426,51.520039,236
-0.079769,51.518313,418
-0.088893,51.517293,193
-0.093200,51.510798,868
-0.097217,51.511223,853
-0.083824,51.514423,358
-0.083120,51.517468,816
-0.089634,51.513348,65
-0.102701,51.511042,924
-0.092692,51.512589,778
-0.078555,51.509480,700
-0.105309,51.517649,203
-0.103049,51.516534,694
-0.088344,51.509730,777
-0.088752,51.517201,592
-0.093200,51.510798,794
-0.107913,51.517421,721
-0.085230,51.511838,1000
-0.085856,51.514096,385
-0.079355,51.511022,504
-0.076930,51.513860,458
-0.080723,51.509336,435
-0.104107,51.511875,203
-0.092545,51.512676,414
-0.083414,51.510459,738
-0.093786,51.517462,499
-0.085230,51.511838,747
-0.078962,51.520368,684
-0.087336,51.509714,485
-0.097636,51.515007,600
-0.104366,51.512598,111
-0.093646,51.517370,857
-0.104581,51.510893,793
-0.088213,51.512875,581
-0.090726,51.514805,160
-0.091295,51.514994,575
-0.084612,51.512817,953
-0.088900,51.517113,207
-0.107614,51.517686,968
-0.080376,51.517603,688
-0.081736,51.516097,452
-0.098713,51.516823,272
-0.090478,51.510394,977
-0.096990,51.520122,511
-0.093203,51.510709,190
-0.106319,51.514158,749
-0.106393,51.512361,990
-0.097671,51.517615,57
-0.100487,51.515773,593
-0.102535,51.518504,920
-0.100631,51.515775,239
-0.086791,51.512403,628
-0.085381,51.511660,655
-0.104347,51.513047,577
-0.083081,51.511533,135
-0.087995,51.507746,69
-0.078411,51.509478,734
-0.075372,51.509788,158
-0.081489,51.511687,769
-0.087093,51.518972,653
-0.089218,51.516399,512
-0.082296,51.509631,299
-0.089718,51.514788,118
-0.104446,51.514128,462
-0.078707,51.512720,415
-0.078788,51.521085,927
-0.079359,51.510932,834
-0.090478,51.510394,308
-0.102269,51.511035,457
-0.073128,51.511729,839
-0.105309,51.517649,956
-0.083828,51.514333,697
-0.083085,51.514860,793
-0.100717,51.513708,738
-0.084052,51.515865,970
-0.096800,51.517781,744
-0.103524,51.512045,770
-0.096574,51.512832,73
-0.088169,51.507030,76
-0.108609,51.511048,332
-0.076475,51.514392,506
-0.091198,51.510406,869
-0.079355,51.511022,960
-0.097232,51.517788,745
-0.089774,51.513440,241
-0.096815,51.517422,153
-0.090434,51.514890,410
-0.091211,51.513554,732
-0.088430,51.518005,875
-0.080978,51.516984,115
-0.108321,51.511043,681
-0.100631,51.515775,257
-0.105309,51.517649,954
-0.074315,51.507522,710
-0.104446,51.514128,271
-0.079106,51.520370,306
-0.101912,51.516155,829
-0.088505,51.512790,387
-0.080852,51.509698,606
-0.097329,51.515452,295
-0.089722,51.514699,766
-0.089037,51.517295,122
-0.104584,51.510803,218
-0.099905,51.519360,445
-0.078886,51.515331,76
-0.100631,51.515775,971
-0.086480,51.509520,961
-0.101628,51.516061,607
-0.087424,51.511064,878
-0.086620,51.509612,215
-0.096934,51.514546,687
-0.080428,51.509511,460
-0.097314,51.515811,71
-0.080978,51.516984,747
-0.091639,51.513651,954
-0.099630,51.515579,687
-0.074315,51.514357,863
-0.089218,51.516399,308
-0.088487,51.506315,555
-0.088344,51.509730,933
-0.079917,51.518225,518
-0.104878,51.514135,51
-0.083941,51.511637,968
-0.085970,51.514817,840
-0.079848,51.509591,972
-0.104369,51.512508,732
-0.103190,51.516626,700
-0.093200,51.510798,989
-0.083941,51.511637,126
-0.081551,51.517083,831
-0.085378,51.511750,825
-0.086887,51.516990,322
-0.089714,51.514878,214
-0.083597,51.516397,504
-0.087822,51.511880,902
-0.102675,51.518596,600
-0.089058,51.513339,910
-0.076073,51.513666,797
-0.088896,51.517203,110
-0.089965,51.515782,979
-0.104373,51.512418,905
-0.092859,51.512052,119
-0.100631,51.515775,587
-0.080152,51.516071,134
-0.098487,51.511873,687
-0.096674,51.517330,654
-0.113789,51.518235,796
-0.092775,51.520953,966
-0.104590,51.514130,734
-0.102125,51.511033,464
-0.093340,51.510891,327
-0.074792,51.509868,671
-0.080852,51.509698,133
-0.108321,51.511043,974
-0.089058,51.513339,606
-0.086620,51.509612,624
-0.096790,51.514544,275
-0.081392,51.520857,457
-0.108177,51.511041,767
-0.102413,51.511038,995
-0.081736,51.516097,759
-0.075376,51.509698,451
-0.111090,51.513786,370
-0.080523,51.517516,82
-0.097570,51.520042,897
-0.109583,51.515380,966
-0.104104,51.511964,565
-0.096151,51.516062,402
-0.103573,51.517801,741
-0.093196,51.510888,314
-0.093056,51.510796,433
-0.096934,51.514546,981
-0.105309,51.517649,903
-0.101940,51.512019,697
-0.108037,51.510949,755
-0.080485,51.514997,899
-0.103049,51.516534,780
-0.083601,51.516307,777
-0.091339,51.520840,400
-0.086480,51.509520,775
-0.090714,51.511657,870
-0.085855,51.510679,567
-0.085599,51.516790,263
-0.080284,51.509509,73
-0.076070,51.513756,614
-0.076070,51.513756,67
-0.093196,51.510888,544
-0.080440,51.516076,627
-0.086999,51.510877,687
-0.092343,51.510605,78
-0.097815,51.517618,825
-0.081266,51.516989,815
-0.079166,51.515515,741
-0.099617,51.519356,950
-0.097076,51.518055,297
-0.086571,51.510780,288
-0.087955,51.512152,342
-0.096461,51.515528,835
-0.080523,51.517516,533
-0.107614,51.517686,451
-0.092343,51.510605,441
-0.085692,51.511126,521
-0.074463,51.514269,753
-0.080575,51.509423,141
-0.080527,51.517426,310
-0.109228,51.516993,656
-0.107899,51.514274,397
-0.101717,51.513904,798
-0.088505,51.512790,892
-0.100849,51.513980,624
-0.097271,51.520307,925
-0.087743,51.513767,852
-0.100288,51.513611,469
-0.104590,51.514130,782
-0.108335,51.514191,237
-0.089421,51.511546,201
-0.094501,51.514147,691
-0.093200,51.510798,841
-0.094789,51.514152,710
-0.078632,51.521352,331
-0.094497,51.514237,542
-0.104158,51.514123,548
-0.087671,51.512057,764
-0.079167,51.518933,987
-0.089490,51.513346,559
-0.093200,51.510798,632
-0.088340,51.506403,724
-0.089867,51.518118,392
-0.087136,51.511059,953
-0.088230,51.519350,727
-0.104587,51.514220,120
-0.078954,51.520548,598
-0.084158,51.513349,512
-0.087545,51.511606,375
-0.078855,51.512633,158
-0.083941,51.511637,656
-0.098030,51.522837,967
-0.074633,51.506808,304
-0.095573,51.512636,706
-0.096527,51.517417,439
-0.081596,51.516005,484
-0.101865,51.513817,795
-0.080383,51.517424,661
-0.108609,51.511048,403
-0.080982,51.516894,585
-0.083828,51.514333,596
-0.107754,51.517779,183
-0.093200,51.510798,419
-0.094568,51.512529,403
-0.089195,51.513521,66
-0.103049,51.516534,79
-0.103137,51.510960,590
-0.082183,51.515745,674
-0.091195,51.510496,496
-0.093786,51.517462,248
-0.081732,51.516187,845
-0.095713,51.512728,191
-0.111632,51.518111,469
-0.109491,51.514120,542
-0.093356,51.513948,823
-0.079917,51.518225,837
-0.099579,51.513330,522
-0.139637,51.492300,750
-0.131538,51.489564,496
-0.133536,51.511178,54
-0.131619,51.512226,915
-0.133381,51.514952,386
-0.127933,51.507221,795
-0.177523,51.532012,590
-0.161864,51.516301,109
-0.128488,51.511277,841
-0.162862,51.512989,496
-0.150595,51.520530,307
-0.147329,51.519310,997
-0.118901,51.509595,648
-0.137895,51.492632,397
-0.174843,51.523338,205
-0.152758,51.524071,578
-0.161274,51.513054,265
-0.174790,51.503014,786
-0.173867,51.522513,793
-0.174288,51.522790,546
-0.197664,51.525849,227
-0.131553,51.510337,801
-0.178628,51.526005,717
-0.175099,51.534942,673
-0.139741,51.493291,890
-0.166534,51.525636,61
-0.152372,51.515792,318
-0.203321,51.524947,626
-0.173535,51.519990,233
-0.164325,51.501682,253
-0.132261,51.507111,75
-0.136620,51.513295,998
-0.168946,51.537364,595
-0.144085,51.492730,835
-0.131036,51.512397,468
-0.146479,51.511832,629
-0.201674,51.522853,282
-0.155276,51.522402,697
-0.141898,51.514638,232
-0.179476,51.515586,977
-0.158527,51.513281,67
-0.130966,51.514104,133
-0.188676,51.512582,433
-0.119182,51.513286,764
-0.157739,51.522081,737
-0.139713,51.508128,630
-0.122480,51.506685,367
-0.131231,51.507634,965
-0.178207,51.525728,202
-0.146939,51.521821,178
-0.152316,51.502932,638
-0.170442,51.507263,533
-0.169242,51.519204,101
-0.149309,51.520240,671
-0.178824,51.513868,860
-0.156352,51.513607,408
-0.172728,51.514942,258
-0.129419,51.513180,321
-0.151705,51.518030,53
-0.169801,51.519662,447
-0.136759,51.509880,962
-0.125832,51.498735,63
-0.136652,51.498368,884
-0.175342,51.514443,538
-0.126892,51.501000,414
-0.151573,51.514161,273
-0.153328,51.520663,725
-0.135793,51.515890,589
-0.133093,51.511440,77
-0.161510,51.521511,874
-0.171248,51.533893,59
-0.142452,51.515186,390
-0.161522,51.514048,333
-0.142510,51.520852,163
-0.186026,51.513979,653
-0.165504,51.522563,93
-0.147952,51.489734,157
-0.149636,51.490840,485
-0.156022,51.496785,854
-0.152868,51.517778,498
-0.129130,51.513176,398
-0.126596,51.504682,304
-0.127379,51.506673,510
-0.194327,51.522740,397
-0.194631,51.525982,477
-0.155934,51.513240,356
-0.129045,51.508228,425
-0.155880,51.489589,148
-0.158268,51.512558,612
-0.158383,51.513279,857
-0.155331,51.517457,785
-0.130715,51.516708,189
-0.125883,51.497477,908
-0.140220,51.492130,162
-0.156138,51.518909,169
-0.152330,51.502573,771
-0.134227,51.497790,411
-0.133754,51.512890,493
-0.145535,51.520900,246
-0.201584,51.517816,196
-0.145555,51.523958,248
-0.144632,51.486354,393
-0.129574,51.512913,159
-0.188612,51.525080,438
-0.144596,51.519176,196
-0.151044,51.488074,261
-0.154550,51.497572,628
-0.123953,51.502392,554
-0.192372,51.532062,570
-0.156137,51.497507,920
-0.163749,51.501673,134
-0.177097,51.524632,661
-0.190430,51.515576,777
-0.133982,51.510825,983
-0.115160,51.512952,476
-0.126205,51.500180,478
-0.142284,51.494500,940
-0.138647,51.491835,964
-0.171897,51.521314,162
-0.176149,51.512298,641
-0.135593,51.485492,642
-0.130192,51.501322,176
-0.178022,51.519521,436
-0.152084,51.515788,902
-0.122635,51.509924,951
-0.170488,51.520482,354
-0.134876,51.510120,465
-0.125130,51.494767,791
-0.123875,51.500772,236
-0.142012,51.515359,787
-0.142678,51.516718,275
-0.141698,51.487657,206
-0.144188,51.515033,653
-0.145204,51.486453,618
-0.164004,51.534769,776
-0.131306,51.516358,841
-0.204446,51.525683,758
-0.169088,51.512277,232
-0.150242,51.504338,796
-0.134031,51.513164,418
-0.205436,51.526148,378
-0.152544,51.536478,236
-0.131730,51.509530,651
-0.160861,51.526896,450
-0.153736,51.517702,181
-0.151062,51.505430,496
-0.127509,51.507035,57
-0.139887,51.500308,721
-0.131025,51.512666,233
-0.199360,51.519400,89
-0.174378,51.527737,981
-0.127295,51.508740,446
-0.168226,51.530159,866
-0.172304,51.532740,987
-0.136759,51.509880,699
-0.205337,51.528664,763
-0.173161,51.522143,392
-0.149555,51.485713,791
-0.127793,51.507129,431
-0.152201,51.502211,979
-0.145238,51.496256,679
-0.152869,51.507077,644
-0.208016,51.526547,955
-0.154292,51.514653,777
-0.157820,51.502209,649
-0.148836,51.492805,127
-0.184787,51.537880,651
-0.148551,51.524724,361
-0.131774,51.508452,637
-0.203177,51.524944,728
-0.126844,51.505675,732
-0.142308,51.515184,776
-0.187669,51.516163,220
-0.149329,51.523298,416
-0.176713,51.530651,430
-0.112542,51.513539,794
-0.115544,51.510620,121
-0.156348,51.513697,742
-0.173006,51.533201,379
-0.174363,51.520902,103
-0.195212,51.514930,922
-0.175833,51.523803,348
-0.129662,51.514263,67
-0.149842,51.521328,477
-0.128005,51.487889,205
-0.142975,51.520050,414
-0.132754,51.516201,210
-0.170222,51.519939,137
-0.153748,51.513835,480
-0.148387,51.521664,956
-0.151282,51.503545,968
-0.139278,51.511718,598
-0.168089,51.529977,465
-0.156793,51.520538,100
-0.184916,51.523764,670
-0.159391,51.513295,398
-0.155993,51.497504,410
-0.149186,51.505490,257
-0.170780,51.520397,312
-0.128466,51.511816,500
-0.152866,51.503570,688
-0.180417,51.520907,556
-0.195209,51.515020,98
-0.175517,51.535308,654
-0.165870,51.499098,627
-0.131380,51.514560,882
-0.144727,51.515941,425
-0.144479,51.514948,957
-0.165731,51.516901,915
-0.165804,51.515104,54
-0.149307,51.502525,237
-0.160783,51.535978,835
-0.167339,51.498402,298
-0.163183,51.533677,846
-0.141561,51.494579,812
-0.125980,51.498647,312
-0.201905,51.524295,633
-0.118635,51.512558,335
-0.151429,51.514159,225
-0.169505,51.519838,509
-0.172743,51.521777,704
-0.160727,51.512326,517
-0.172476,51.514039,966
-0.144596,51.519176,973
-0.170780,51.520397,361
-0.141498,51.513822,936
-0.172743,51.521777,472
-0.157040,51.510830,373
-0.125722,51.508445,660
-0.165291,51.527865,992
-0.151213,51.523058,113
-0.129699,51.488725,240
-0.173006,51.533201,824
-0.125414,51.494861,311
-0.150956,51.518737,593
-0.172285,51.511608,744
-0.141782,51.521020,502
-0.150181,51.502269,986
-0.187764,51.510140,631
-0.150705,51.514237,637
-0.144806,51.510457,834
-0.123912,51.506887,505
-0.174730,51.511736,638
-0.143068,51.496491,669
-0.126955,51.509993,57
-0.202000,51.525556,504
-0.191254,51.520265,726
-0.158087,51.513454,983
-0.127302,51.508560,831
-0.125127,51.494857,300
-0.147181,51.498085,154
-0.178491,51.525823,935
-0.125134,51.494677,868
-0.149819,51.500555,117
-0.126885,51.511701,93
-0.170085,51.519757,872
-0.139054,51.492471,163
-0.127295,51.508740,675
-0.129279,51.488448,206
-0.129506,51.507516,501
-0.141322,51.507524,153
-0.134362,51.490957,887
-0.127166,51.511885,616
-0.150277,51.514140,134
-0.156097,51.509196,685
-0.135458,51.517053,772
-0.138598,51.510718,744
-0.149983,51.485809,292
-0.150454,51.513334,544
-0.134148,51.506781,866
-0.141550,51.512564,913
-0.146213,51.497080,284
-0.194192,51.526155,827
-0.182014,51.524259,738
-0.141378,51.516787,897
-0.215613,51.527652,805
-0.165410,51.524899,402
-0.150127,51.485812,56
-0.149114,51.514392,616
-0.124839,51.508881,701
-0.172160,51.525544,835
-0.123787,51.509943,720
-0.187236,51.523440,502
-0.173449,51.522147,451
-0.152852,51.503930,437
-0.119514,51.512212,901
-0.123790,51.506346,222
-0.144254,51.524027,250
-0.157771,51.510572,67
-0.133237,51.511443,913
-0.155941,51.513061,931
-0.123979,51.501763,909
-0.149924,51.490844,83
-0.158132,51.523077,462
-0.144596,51.519176,303
-0.138723,51.497052,376
-0.153460,51.513831,740
-0.174412,51.501659,638
-0.142939,51.506741,475
-0.153169,51.513916,752
-0.174843,51.523338,57
-0.161428,51.516384,334
-0.193080,51.521462,899
-0.176953,51.524630,841
-0.129673,51.513994,544
-0.131682,51.489566,326
-0.143317,51.508095,79
-0.135917,51.509327,711
-0.146684,51.506800,717
-0.147325,51.519399,320
-0.136288,51.503757,636
-0.123783,51.503019,486
-0.145923,51.521985,455
-0.171562,51.526074,774
-0.188414,51.515545,265
-0.142914,51.489654,154
-0.140796,51.520465,615
-0.142545,51.516446,723
-0.147185,51.519307,762
-0.144633,51.511174,518
-0.126977,51.509454,290
-0.130442,51.516344,238
-0.132664,51.490211,130
-0.192534,51.509763,432
-0.173900,51.532496,995
-0.146758,51.494301,540
-0.151353,51.523150,847
-0.162587,51.519819,651
-0.200626,51.523826,924
-0.135849,51.489812,416
-0.155772,51.513687,798
-0.120290,51.510876,697
-0.123429,51.504632,207
-0.123362,51.509756,756
-0.169335,51.538449,639
-0.136060,51.491704,172
-0.129555,51.488723,353
-0.180389,51.525223,85
-0.201772,51.524024,945
-0.138513,51.488056,408
-0.134736,51.510028,993
-0.126316,51.500991,654
-0.148446,51.502421,183
-0.140884,51.511204,524
-0.144475,51.497323,178
-0.150417,51.514233,216
-0.126445,51.504860,933
-0.165712,51.528141,460
-0.127049,51.490121,639
-0.151562,51.514431,211
-0.161864,51.516301,787
-0.132693,51.507117,275
-0.176012,51.512116,308
-0.189998,51.515569,794
-0.155331,51.517457,963
-0.144665,51.485546,542
-0.186897,51.513813,573
-0.126316,51.500991,806
-0.127029,51.511703,841
-0.126201,51.500270,989
-0.170085,51.519757,550
-0.194608,51.522924,286
-0.180910,51.501311,754
-0.149114,51.514392,458
-0.174988,51.501668,857
-0.133835,51.510912,924
-0.169945,51.519665,149
-0.149163,51.502523,735
-0.173586,51.522329,694
-0.165569,51.524542,623
-0.133436,51.510097,879
-0.157307,51.522075,581
-0.183204,51.519691,831
-0.189465,51.532647,518
-0.195209,51.515020,494
-0.186294,51.518120,832
-0.180967,51.514351,265
-0.159891,51.515191,326
-0.125127,51.494857,468
-0.125839,51.498555,197
-0.207836,51.527444,337
-0.182614,51.520041,769
-0.191390,51.520447,192
-0.152314,51.506529,469
-0.204871,51.525870,638
-0.159774,51.521664,481
-0.140050,51.510472,154
-0.194046,51.522556,550
-0.165438,51.527777,350
-0.159247,51.513292,534
-0.152265,51.504190,336
-0.127306,51.508470,725
-0.127121,51.509457,298
-0.144398,51.524029,577
-0.149883,51.502534,605
-0.122638,51.506327,875
-0.159619,51.536229,705
-0.174238,51.527645,490
-0.135703,51.496914,157
-0.158707,51.512385,590
-0.166664,51.518804,581
-0.175832,51.516609,829
-0.127180,51.501005,456
-0.192936,51.521460,830
-0.136896,51.485332,280
-0.171043,51.510240,167
-0.130456,51.512477,385
-0.173620,51.499849,108
-0.156353,51.510010,604
-0.124012,51.500954,668
-0.130872,51.505829,118
-0.128510,51.510738,748
-0.125570,51.508622,888
-0.168443,51.524767,230
-0.153100,51.515624,196
